{"cameraMode":{"drawMode":0,"name":"Shaded","section":"Shading Mode"},"sceneLighting":false,"audioPlay":false,"sceneViewState":{"showFog":true,"showMaterialUpdate":false,"showSkybox":true,"showFlares":true,"showImageEffects":true,"showParticleSystems":true},"in2DMode":false,"pivot":{"x":0.0,"y":2.859999895095825,"z":0.06000000238418579},"rotation":{"x":0.11186930537223816,"y":0.24880482256412507,"z":-0.028940314427018167,"w":0.9616360664367676},"size":6.769023895263672,"orthographic":false}