{"cameraMode":{"drawMode":0,"name":"Shaded","section":"Shading Mode"},"sceneLighting":false,"audioPlay":false,"sceneViewState":{"showFog":true,"showMaterialUpdate":false,"showSkybox":true,"showFlares":true,"showImageEffects":true,"showParticleSystems":true},"in2DMode":false,"pivot":{"x":0.0,"y":2.859999895095825,"z":0.05999999865889549},"rotation":{"x":0.009587476029992104,"y":0.980060875415802,"z":-0.1923605054616928,"w":0.04884960129857063},"size":9.044503211975098,"orthographic":false}